{
  "productVersion" : "7.7.0",
  "version" : 3,
  "timestamp" : 1666341195475,
  "adminUsers" : [ {
    "id" : "user-1",
    "name" : "admin",
    "roles" : [ "role-1", "role-6", "role-7" ]
  }, {
    "id" : "user-2",
    "name" : "kripesh",
    "roles" : [ "role-1", "role-6", "role-7" ]
  }, {
    "id" : "user-3",
    "name" : "pt1",
    "roles" : [ "role-2" ]
  } ],
  "adminUserCredentials" : {
    "user-1" : {
      "passwordHistory" : [ "$AAGQAAAAAQAC$6rjC02ZXVzEekhll5poOiA==$+sTSeGaHwednMJZkoHLXPM0oOWqnL71wUYANCZ5h47I=" ],
      "passwordTimestamp" : 1645694552932
    },
    "user-2" : {
      "passwordHistory" : [ "$AAGQAAAAAQAC$sej5eYObpJCWro+94L0J0Q==$iCLKCc7KPd2L3uZw/d+Mxtx614/GVXLxOLyKy0zPRCs=" ],
      "passwordTimestamp" : 1666341163820
    },
    "user-3" : {
      "passwordHistory" : [ "$AAGQAAAAAQAC$hUH/quU521mMuBPTDpKmgQ==$7++4VLwg+7ilGPZvQ/9mkgBOrMxJ052cQMNwN+u9YaE=" ],
      "passwordTimestamp" : 1666341195474
    }
  },
  "adminUserRoles" : [ {
    "id" : "role-1",
    "name" : "API Server Administrator",
    "displayName" : "API Gateway Administrator"
  }, {
    "id" : "role-2",
    "name" : "API Server Operator",
    "displayName" : "API Gateway Operator"
  }, {
    "id" : "role-5",
    "name" : "Deployer",
    "displayName" : "Deployer"
  }, {
    "id" : "role-6",
    "name" : "KPS Administrator",
    "displayName" : "KPS Administrator"
  }, {
    "id" : "role-7",
    "name" : "Policy Developer",
    "displayName" : "Policy Developer"
  } ],
  "uniqueIdCounters" : {
    "Role" : 8,
    "User" : 4
  },
  "adminUsersVersion" : {
    "version" : 3,
    "timestamp" : 1666341195475
  }
}